{"dskskwj0@gmail.com": 1777297964.09288, "tuo_terzo_account@gmail.com": 1777298056.1122775}